series,iso3,window_start,window_end,first_value,last_value,abs_change,pct_change,annual_change,relative_annual_change,n_obs,r_squared,classification,confidence,comparison_year,rank,of_n,percentile,regional_median,gap_to_median,target_value,target_source,projected_2030,required_annual_change,gap_to_target,year_target_met,status,rationale,computed_at
SH_STA_MORT,ARG,2015,2023,38.61611,33.22814,-5.387969999999996,-13.952648260013751,0.9226930000000007,2.184852505748296,9,0.03775626803209329,declining,low,2023,4,19,83.3,51.44545,-18.217309999999998,70.0,absolute,39.686991000000006,5.2531228571428565,-36.77186,2015,target_achieved,"Argentina's maternal mortality ratio fell from 38.6 in 2015 to 33.2 in 2023; the fitted trend since 2015 is +0.92 per year, classified as declining. It is already below the SDG target of 70.0 per 100,000 live births.",2026-09-10T19:30:38+00:00
SH_STA_MORT,BOL,2015,2023,166.13197,146.37428,-19.757689999999997,-11.892768140894253,3.476995333333332,1.9553502821371223,9,0.05641143170929689,declining,low,2023,18,19,5.6,51.44545,94.92883,70.0,absolute,170.71324733333333,-10.910611428571428,76.37428,,off_track,"Bolivia's maternal mortality ratio fell from 166.1 in 2015 to 146.4 in 2023; the fitted trend since 2015 is +3.48 per year, classified as declining. At this pace it would reach 170.7 by 2030, missing the target of 70.0 per 100,000 live births; meeting it would require -10.91 per year.",2026-09-10T19:30:38+00:00
SH_STA_MORT,BRA,2015,2023,62.95876,66.91036,3.951599999999999,6.276489562373845,4.887780166666667,6.2992224423472525,9,0.31946570999625207,declining,low,2023,15,19,22.2,51.44545,15.464909999999996,70.0,absolute,101.12482116666666,0.44137714285714325,-3.089640000000003,2015,target_achieved,"Brazil's maternal mortality ratio rose from 63.0 in 2015 to 66.9 in 2023; the fitted trend since 2015 is +4.89 per year, classified as declining. It is already below the SDG target of 70.0 per 100,000 live births.",2026-09-10T19:30:38+00:00
SH_STA_MORT,CHL,2015,2023,14.44723,9.88497,-4.56226,-31.5787870754463,-0.28590316666666665,-2.3286197051660382,9,0.2693235333461655,improving,low,2023,1,19,100.0,51.44545,-41.56048,70.0,absolute,7.883647833333333,8.58786142857143,-60.115030000000004,2015,target_achieved,"Chile's maternal mortality ratio fell from 14.4 in 2015 to 9.9 in 2023; the fitted trend since 2015 is -0.29 per year, classified as improving. It is already below the SDG target of 70.0 per 100,000 live births.",2026-09-10T19:30:38+00:00
SH_STA_MORT,COL,2015,2023,70.25705,59.38166,-10.87539000000001,-15.479428754836716,2.6105524999999994,3.2873323831049737,9,0.07052282423599442,declining,low,2023,13,19,33.3,51.44545,7.9362099999999955,70.0,absolute,77.65552749999999,1.5169057142857147,-10.618340000000003,2016,target_achieved,"Colombia's maternal mortality ratio fell from 70.3 in 2015 to 59.4 in 2023; the fitted trend since 2015 is +2.61 per year, classified as declining. It is already below the SDG target of 70.0 per 100,000 live births.",2026-09-10T19:30:38+00:00
SH_STA_MORT,CRI,2015,2023,25.54293,24.1198,-1.423129999999997,-5.571522139394333,0.5846071666666669,1.9986835532476221,9,0.06700540570338753,declining,low,2023,3,19,88.9,51.44545,-27.32565,70.0,absolute,28.21205016666667,6.554314285714286,-45.8802,2015,target_achieved,"Costa Rica's maternal mortality ratio fell from 25.5 in 2015 to 24.1 in 2023; the fitted trend since 2015 is +0.58 per year, classified as declining. It is already below the SDG target of 70.0 per 100,000 live births.",2026-09-10T19:30:38+00:00
SH_STA_MORT,CUB,2015,2023,41.48397,34.79424,-6.689729999999997,-16.12606025893857,4.005586666666668,7.395066210149495,9,0.06184795150351658,declining,low,2023,5,19,77.8,51.44545,-16.65121,70.0,absolute,62.83334666666668,5.029394285714285,-35.20576,2015,target_achieved,"Cuba's maternal mortality ratio fell from 41.5 in 2015 to 34.8 in 2023; the fitted trend since 2015 is +4.01 per year, classified as declining. It is already below the SDG target of 70.0 per 100,000 live births.",2026-09-10T19:30:38+00:00
SH_STA_MORT,DOM,2015,2023,102.25961,124.47325,22.213639999999998,21.722789672286055,4.271967999999999,3.6299078436647925,9,0.5443967915970834,declining,medium,2023,17,19,11.1,51.44545,73.02779999999998,70.0,absolute,154.377026,-7.781892857142856,54.47324999999999,,off_track,"Dominican Republic's maternal mortality ratio rose from 102.3 in 2015 to 124.5 in 2023; the fitted trend since 2015 is +4.27 per year, classified as declining. At this pace it would reach 154.4 by 2030, missing the target of 70.0 per 100,000 live births; meeting it would require -7.78 per year.",2026-09-10T19:30:38+00:00
SH_STA_MORT,ECU,2015,2023,64.22836,55.37107,-8.857289999999992,-13.790310074864115,1.1822100000000006,1.7109494111410852,9,0.05575136985698359,declining,low,2023,11,19,44.4,51.44545,3.925620000000002,70.0,absolute,63.64654000000001,2.0898471428571423,-14.628929999999997,2015,target_achieved,"Ecuador's maternal mortality ratio fell from 64.2 in 2015 to 55.4 in 2023; the fitted trend since 2015 is +1.18 per year, classified as declining. It is already below the SDG target of 70.0 per 100,000 live births.",2026-09-10T19:30:38+00:00
SH_STA_MORT,GTM,2015,2023,111.9959,93.71639,-18.279510000000002,-16.321588558152573,-1.3619721666666675,-1.2764028167614052,9,0.16509312155295564,improving,low,2023,16,19,16.7,51.44545,42.27094,70.0,absolute,84.18258483333334,-3.388055714285715,23.716390000000004,2041,off_track,"Guatemala's maternal mortality ratio fell from 112.0 in 2015 to 93.7 in 2023; the fitted trend since 2015 is -1.36 per year, classified as improving. At this pace it would reach 84.2 by 2030, missing the target of 70.0 per 100,000 live births; meeting it would require -3.39 per year.",2026-09-10T19:30:38+00:00
SH_STA_MORT,HND,2015,2023,57.10412,46.74992,-10.354199999999999,-18.132141778911922,0.2476848333333334,0.4389605962809828,9,0.002964103856952609,stagnating,low,2023,9,19,55.6,51.44545,-4.695529999999998,70.0,absolute,48.48371383333334,3.3214399999999995,-23.250079999999997,2015,target_achieved,"Honduras's maternal mortality ratio fell from 57.1 in 2015 to 46.7 in 2023; the fitted trend since 2015 is +0.25 per year, classified as stagnating. It is already below the SDG target of 70.0 per 100,000 live births.",2026-09-10T19:30:38+00:00
SH_STA_MORT,MEX,2015,2023,43.15536,42.10605,-1.0493099999999984,-2.431470853214985,2.3339091666666674,4.464379059789324,9,0.09958937756377859,declining,low,2023,8,19,61.1,51.44545,-9.339399999999998,70.0,absolute,58.44341416666667,3.9848499999999993,-27.893949999999997,2015,target_achieved,"Mexico's maternal mortality ratio fell from 43.2 in 2015 to 42.1 in 2023; the fitted trend since 2015 is +2.33 per year, classified as declining. It is already below the SDG target of 70.0 per 100,000 live births.",2026-09-10T19:30:38+00:00
SH_STA_MORT,NIC,2015,2023,80.67301,60.3484,-20.324610000000007,-25.19381637055566,-0.09856233333333388,-0.12707516704114089,9,0.0001950925952711571,stagnating,low,2023,14,19,27.8,51.44545,8.902949999999997,70.0,absolute,59.65846366666666,1.3788000000000002,-9.651600000000002,2018,target_achieved,"Nicaragua's maternal mortality ratio fell from 80.7 in 2015 to 60.3 in 2023; the fitted trend since 2015 is -0.10 per year, classified as stagnating. It is already below the SDG target of 70.0 per 100,000 live births.",2026-09-10T19:30:38+00:00
SH_STA_MORT,PAN,2015,2023,48.08212,37.00633,-11.075790000000005,-23.035153192080557,-0.12351183333333385,-0.2549409601608469,9,0.0008558789853903984,stagnating,low,2023,6,19,72.2,51.44545,-14.439120000000003,70.0,absolute,36.14174716666666,4.713381428571429,-32.99367,2015,target_achieved,"Panama's maternal mortality ratio fell from 48.1 in 2015 to 37.0 in 2023; the fitted trend since 2015 is -0.12 per year, classified as stagnating. It is already below the SDG target of 70.0 per 100,000 live births.",2026-09-10T19:30:38+00:00
SH_STA_MORT,PER,2015,2023,71.46575,51.44545,-20.0203,-28.01383879690621,1.8968493333333334,2.503983105858034,9,0.039866762675809624,declining,low,2023,10,19,50.0,51.44545,0.0,70.0,absolute,64.72339533333333,2.6506499999999997,-18.55455,2016,target_achieved,"Peru's maternal mortality ratio fell from 71.5 in 2015 to 51.4 in 2023; the fitted trend since 2015 is +1.90 per year, classified as declining. It is already below the SDG target of 70.0 per 100,000 live births.",2026-09-10T19:30:38+00:00
SH_STA_MORT,PRY,2015,2023,63.68524,58.27149,-5.41375,-8.500792334299126,3.4430881666666675,4.83019886077439,9,0.12564922190124653,declining,low,2023,12,19,38.9,51.44545,6.826039999999999,70.0,absolute,82.37310716666667,1.6755014285714285,-11.72851,2015,target_achieved,"Paraguay's maternal mortality ratio fell from 63.7 in 2015 to 58.3 in 2023; the fitted trend since 2015 is +3.44 per year, classified as declining. It is already below the SDG target of 70.0 per 100,000 live births.",2026-09-10T19:30:38+00:00
SH_STA_MORT,SLV,2015,2023,42.94738,39.10834,-3.8390400000000042,-8.938938766462597,0.08546116666666612,0.19339728543959764,9,0.0014934095517938307,stagnating,low,2023,7,19,66.7,51.44545,-12.337110000000003,70.0,absolute,39.70656816666666,4.413094285714286,-30.89166,2015,target_achieved,"El Salvador's maternal mortality ratio fell from 42.9 in 2015 to 39.1 in 2023; the fitted trend since 2015 is +0.09 per year, classified as stagnating. It is already below the SDG target of 70.0 per 100,000 live births.",2026-09-10T19:30:38+00:00
SH_STA_MORT,URY,2015,2023,15.97752,15.30536,-0.6721599999999999,-4.2069107095469125,1.2972653333333333,6.327068037104705,9,0.1046478945261337,declining,low,2023,2,19,94.4,51.44545,-36.14009,70.0,absolute,24.386217333333335,7.81352,-54.69464,2015,target_achieved,"Uruguay's maternal mortality ratio fell from 16.0 in 2015 to 15.3 in 2023; the fitted trend since 2015 is +1.30 per year, classified as declining. It is already below the SDG target of 70.0 per 100,000 live births.",2026-09-10T19:30:38+00:00
SH_STA_MORT,VEN,2015,2023,136.26322,226.6855,90.42228,66.35853754226562,10.756684166666666,5.369494885931892,9,0.7523260925227458,declining,medium,2023,19,19,0.0,51.44545,175.24005,70.0,absolute,301.98228916666665,-22.383642857142856,156.6855,,off_track,"Venezuela's maternal mortality ratio rose from 136.3 in 2015 to 226.7 in 2023; the fitted trend since 2015 is +10.76 per year, classified as declining. At this pace it would reach 302.0 by 2030, missing the target of 70.0 per 100,000 live births; meeting it would require -22.38 per year.",2026-09-10T19:30:38+00:00
SH_STA_BRTC,ARG,2015,2023,99.6,99.3,-0.29999999999999716,-0.3012048192771056,0.19333333333333277,0.19601216627238874,9,0.08482097831568311,stagnating,low,2022,5,16,73.3,97.3,2.0,,,,,,,no_numeric_target,"Argentina's skilled birth attendance fell from 99.6 in 2015 to 99.3 in 2023; the fitted trend since 2015 is +0.19 per year, classified as stagnating. The UN sets no numeric 2030 target for this indicator; in 2022 it ranked 5 of 16 countries in the region, above the regional median of 97.3.",2026-09-10T19:30:38+00:00
SH_STA_BRTC,BOL,2015,2024,87.5,97.5,10.0,11.428571428571429,0.646060606060606,0.7498382150192735,10,0.04467417177781937,improving,low,2022,16,16,0.0,97.3,-25.799999999999997,,,,,,,no_numeric_target,"Bolivia's skilled birth attendance rose from 87.5 in 2015 to 97.5 in 2024; the fitted trend since 2015 is +0.65 per year, classified as improving. The UN sets no numeric 2030 target for this indicator; in 2022 it ranked 16 of 16 countries in the region, below the regional median of 97.3.",2026-09-10T19:30:38+00:00
SH_STA_BRTC,BRA,2015,2024,98.2,98.4,0.20000000000000284,0.20366598778004363,-0.01636363636363604,-0.016621265986425635,10,0.06052303860522896,stagnating,low,2022,7,16,60.0,97.3,1.0,,,,,,,no_numeric_target,"Brazil's skilled birth attendance rose from 98.2 in 2015 to 98.4 in 2024; the fitted trend since 2015 is -0.02 per year, classified as stagnating. The UN sets no numeric 2030 target for this indicator; in 2022 it ranked 7 of 16 countries in the region, above the regional median of 97.3.",2026-09-10T19:30:38+00:00
SH_STA_BRTC,CHL,2015,2022,99.7,99.4,-0.29999999999999716,-0.30090270812437026,-0.01904761904761915,-0.019100144444842468,8,0.11287477954145254,stagnating,low,2022,4,16,80.0,97.3,2.1000000000000085,,,,,,,no_numeric_target,"Chile's skilled birth attendance fell from 99.7 in 2015 to 99.4 in 2022; the fitted trend since 2015 is -0.02 per year, classified as stagnating. The UN sets no numeric 2030 target for this indicator; in 2022 it ranked 4 of 16 countries in the region, above the regional median of 97.3.",2026-09-10T19:30:38+00:00
SH_STA_BRTC,COL,2015,2023,99.0,97.8,-1.2000000000000028,-1.212121212121215,-0.04500000000000052,-0.045892351274788065,9,0.014813058791655773,stagnating,low,2022,8,16,53.3,97.3,0.7000000000000028,,,,,,,no_numeric_target,"Colombia's skilled birth attendance fell from 99.0 in 2015 to 97.8 in 2023; the fitted trend since 2015 is -0.05 per year, classified as stagnating. The UN sets no numeric 2030 target for this indicator; in 2022 it ranked 8 of 16 countries in the region, above the regional median of 97.3.",2026-09-10T19:30:38+00:00
SH_STA_BRTC,CRI,2015,2023,90.0,98.9,8.900000000000006,9.888888888888896,0.6083333333333336,0.6216645849892134,9,0.3184661354581675,improving,low,2022,6,16,66.7,97.3,1.5,,,,,,,no_numeric_target,"Costa Rica's skilled birth attendance rose from 90.0 in 2015 to 98.9 in 2023; the fitted trend since 2015 is +0.61 per year, classified as improving. The UN sets no numeric 2030 target for this indicator; in 2022 it ranked 6 of 16 countries in the region, above the regional median of 97.3.",2026-09-10T19:30:38+00:00
SH_STA_BRTC,CUB,2015,2024,99.9,99.8,-0.10000000000000853,-0.10010010010010863,-0.017575757575758386,-0.017598635802301376,10,0.4177844013909844,stagnating,low,2022,3,16,86.7,97.3,2.5,,,,,,,no_numeric_target,"Cuba's skilled birth attendance fell from 99.9 in 2015 to 99.8 in 2024; the fitted trend since 2015 is -0.02 per year, classified as stagnating. The UN sets no numeric 2030 target for this indicator; in 2022 it ranked 3 of 16 countries in the region, above the regional median of 97.3.",2026-09-10T19:30:38+00:00
SH_STA_BRTC,DOM,2015,2023,99.6,99.9,0.30000000000001137,0.30120481927711984,0.03670212765957598,0.036796747868380386,7,0.17345526085690507,stagnating,low,2022,2,16,93.3,97.3,2.6000000000000085,,,,,,,no_numeric_target,"Dominican Republic's skilled birth attendance rose from 99.6 in 2015 to 99.9 in 2023; the fitted trend since 2015 is +0.04 per year, classified as stagnating. The UN sets no numeric 2030 target for this indicator; in 2022 it ranked 2 of 16 countries in the region, above the regional median of 97.3.",2026-09-10T19:30:38+00:00
SH_STA_BRTC,ECU,2015,2024,94.4,97.2,2.799999999999997,2.966101694915251,0.29333333333333295,0.30523759972251086,10,0.7028382838283825,stagnating,medium,2022,9,16,46.7,97.3,-0.7000000000000028,,,,,,,no_numeric_target,"Ecuador's skilled birth attendance rose from 94.4 in 2015 to 97.2 in 2024; the fitted trend since 2015 is +0.29 per year, classified as stagnating. The UN sets no numeric 2030 target for this indicator; in 2022 it ranked 9 of 16 countries in the region, below the regional median of 97.3.",2026-09-10T19:30:38+00:00
SH_STA_BRTC,GTM,2015,2022,65.5,96.0,30.5,46.56488549618321,5.0321428571428575,5.835214213240015,8,0.6799285531056352,improving,medium,2022,11,16,33.3,97.3,-1.2999999999999972,,,,,,,no_numeric_target,"Guatemala's skilled birth attendance rose from 65.5 in 2015 to 96.0 in 2022; the fitted trend since 2015 is +5.03 per year, classified as improving. The UN sets no numeric 2030 target for this indicator; in 2022 it ranked 11 of 16 countries in the region, below the regional median of 97.3.",2026-09-10T19:30:38+00:00
SH_STA_BRTC,HND,2015,2019,72.0,94.1,22.099999999999994,30.694444444444436,5.41153846153846,6.623670087562375,3,0.9947525039043422,insufficient_data,low,,,,,,,,,,,,,no_numeric_target,"Honduras has only 3 headline observation(s) for skilled birth attendance since 2015, too few to assess a trend.",2026-09-10T19:30:38+00:00
SH_STA_BRTC,MEX,2015,2022,97.7,87.5,-10.200000000000003,-10.440122824974415,-1.9321428571428574,-2.1027265483802013,8,0.895610397955905,declining,high,2022,15,16,6.7,97.3,-9.799999999999997,,,,,,,no_numeric_target,"Mexico's skilled birth attendance fell from 97.7 in 2015 to 87.5 in 2022; the fitted trend since 2015 is -1.93 per year, classified as declining. The UN sets no numeric 2030 target for this indicator; in 2022 it ranked 15 of 16 countries in the region, below the regional median of 97.3.",2026-09-10T19:30:38+00:00
SH_STA_BRTC,NIC,2015,2022,94.0,96.6,2.5999999999999943,2.7659574468085046,0.6975903614457832,0.7250202959769098,6,0.6019744934330191,improving,medium,2022,9,16,46.7,97.3,-0.7000000000000028,,,,,,,no_numeric_target,"Nicaragua's skilled birth attendance rose from 94.0 in 2015 to 96.6 in 2022; the fitted trend since 2015 is +0.70 per year, classified as improving. The UN sets no numeric 2030 target for this indicator; in 2022 it ranked 9 of 16 countries in the region, below the regional median of 97.3.",2026-09-10T19:30:38+00:00
SH_STA_BRTC,PAN,2015,2022,96.3,95.7,-0.5999999999999943,-0.6230529595015517,-0.12142857142857079,-0.12846185816299474,8,0.05232663407568306,stagnating,low,2022,12,16,26.7,97.3,-1.5999999999999943,,,,,,,no_numeric_target,"Panama's skilled birth attendance fell from 96.3 in 2015 to 95.7 in 2022; the fitted trend since 2015 is -0.12 per year, classified as stagnating. The UN sets no numeric 2030 target for this indicator; in 2022 it ranked 12 of 16 countries in the region, below the regional median of 97.3.",2026-09-10T19:30:38+00:00
SH_STA_BRTC,PER,2015,2024,91.6,94.3,2.700000000000003,2.9475982532751126,0.30909090909090897,0.3288201160541585,10,0.5829747175901009,stagnating,medium,2022,13,16,20.0,97.3,-2.700000000000003,,,,,,,no_numeric_target,"Peru's skilled birth attendance rose from 91.6 in 2015 to 94.3 in 2024; the fitted trend since 2015 is +0.31 per year, classified as stagnating. The UN sets no numeric 2030 target for this indicator; in 2022 it ranked 13 of 16 countries in the region, below the regional median of 97.3.",2026-09-10T19:30:38+00:00
SH_STA_BRTC,PRY,2015,2023,96.3,98.2,1.9000000000000057,1.973001038421605,-0.31499999999999917,-0.332551319648093,9,0.09131757447678739,stagnating,low,2022,14,16,13.3,97.3,-4.3999999999999915,,,,,,,no_numeric_target,"Paraguay's skilled birth attendance rose from 96.3 in 2015 to 98.2 in 2023; the fitted trend since 2015 is -0.31 per year, classified as stagnating. The UN sets no numeric 2030 target for this indicator; in 2022 it ranked 14 of 16 countries in the region, below the regional median of 97.3.",2026-09-10T19:30:38+00:00
SH_STA_BRTC,SLV,2015,2021,99.9,98.1,-1.8000000000000114,-1.8018018018018132,-0.24642857142857366,-0.2476313522825173,7,0.6419902912621392,stagnating,medium,,,,,,,,,,,,,no_numeric_target,"El Salvador's skilled birth attendance fell from 99.9 in 2015 to 98.1 in 2021; the fitted trend since 2015 is -0.25 per year, classified as stagnating. The UN sets no numeric 2030 target for this indicator.",2026-09-10T19:30:38+00:00
SH_STA_BRTC,URY,2015,2023,99.9,100.0,0.09999999999999432,0.1001001001000944,0.006666666666666287,0.006667407489720702,9,0.3000000000000001,stagnating,low,2022,1,16,100.0,97.3,2.700000000000003,,,,,,,no_numeric_target,"Uruguay's skilled birth attendance rose from 99.9 in 2015 to 100.0 in 2023; the fitted trend since 2015 is +0.01 per year, classified as stagnating. The UN sets no numeric 2030 target for this indicator; in 2022 it ranked 1 of 16 countries in the region, above the regional median of 97.3.",2026-09-10T19:30:38+00:00
SH_STA_BRTC,VEN,2015,2018,99.3,98.7,-0.5999999999999943,-0.6042296072507496,-0.19999999999999857,-0.2018163471241156,4,0.833333333333337,insufficient_data,low,,,,,,,,,,,,,no_numeric_target,"Venezuela has only 4 headline observation(s) for skilled birth attendance since 2015, too few to assess a trend.",2026-09-10T19:30:38+00:00
SH_DYN_MORT,ARG,2015,2024,11.74365892,9.514134469,-2.2295244509999996,-18.984921702749862,-0.23993580463030306,-2.2889386549362563,10,0.9820653532048372,improving,high,2024,4,19,83.3,12.90476204,-3.3906275709999996,25.0,absolute,8.074519641218181,2.5809775885,-15.485865531,2015,target_achieved,"Argentina's under-five mortality rate fell from 11.7 in 2015 to 9.5 in 2024; the fitted trend since 2015 is -0.24 per year, classified as improving. It is already below the SDG target of 25.0 per 1,000 live births.",2026-09-10T19:30:38+00:00
SH_DYN_MORT,BOL,2015,2024,26.67796911,15.69645799,-10.981511119999999,-41.16322001393905,-1.2267878127272727,-5.993930792642913,10,0.9844985094690568,improving,high,2024,15,19,22.2,12.90476204,2.791695950000001,25.0,absolute,8.335731113636365,1.5505903349999999,-9.30354201,2017,target_achieved,"Bolivia's under-five mortality rate fell from 26.7 in 2015 to 15.7 in 2024; the fitted trend since 2015 is -1.23 per year, classified as improving. It is already below the SDG target of 25.0 per 1,000 live births.",2026-09-10T19:30:38+00:00
SH_DYN_MORT,BRA,2015,2024,15.96333037,14.21697211,-1.7463582599999992,-10.93981155261901,-0.23014395442424235,-1.5217562600849424,10,0.8168458439962969,improving,high,2024,12,19,38.9,12.90476204,1.3122100700000008,25.0,absolute,12.836108383454546,1.797171315,-10.78302789,2015,target_achieved,"Brazil's under-five mortality rate fell from 16.0 in 2015 to 14.2 in 2024; the fitted trend since 2015 is -0.23 per year, classified as improving. It is already below the SDG target of 25.0 per 1,000 live births.",2026-09-10T19:30:38+00:00
SH_DYN_MORT,CHL,2015,2024,7.894010075,6.752854486,-1.1411555889999994,-14.455968236143901,-0.13514481165454542,-1.8910890264114422,10,0.828396971016825,improving,high,2024,1,19,100.0,12.90476204,-6.151907553999999,25.0,absolute,5.941985616072728,3.041190919,-18.247145514,2015,target_achieved,"Chile's under-five mortality rate fell from 7.9 in 2015 to 6.8 in 2024; the fitted trend since 2015 is -0.14 per year, classified as improving. It is already below the SDG target of 25.0 per 1,000 live births.",2026-09-10T19:30:38+00:00
SH_DYN_MORT,COL,2015,2024,15.45320044,11.5409092,-3.91229124,-25.317029020559318,-0.4348949041818182,-3.2451513167092627,10,0.9978116270133559,improving,high,2024,8,19,61.1,12.90476204,-1.3638528399999998,25.0,absolute,8.93153977490909,2.2431818,-13.4590908,2015,target_achieved,"Colombia's under-five mortality rate fell from 15.5 in 2015 to 11.5 in 2024; the fitted trend since 2015 is -0.43 per year, classified as improving. It is already below the SDG target of 25.0 per 1,000 live births.",2026-09-10T19:30:38+00:00
SH_DYN_MORT,CRI,2015,2024,9.014848946,10.40671064,1.3918616939999993,15.439656308579472,0.17117724134545445,1.817064622011054,10,0.8757652018423004,declining,high,2024,6,19,72.2,12.90476204,-2.4980513999999996,25.0,absolute,11.433774088072727,2.432214893333333,-14.59328936,2015,target_achieved,"Costa Rica's under-five mortality rate rose from 9.0 in 2015 to 10.4 in 2024; the fitted trend since 2015 is +0.17 per year, classified as declining. It is already below the SDG target of 25.0 per 1,000 live births.",2026-09-10T19:30:38+00:00
SH_DYN_MORT,CUB,2015,2024,6.142654785,8.5594206,2.416765814999999,39.343995382934395,0.27501944235757575,3.840568967404629,10,0.9766141763775121,declining,high,2024,3,19,88.9,12.90476204,-4.34534144,25.0,absolute,10.209537254145454,2.740096566666667,-16.4405794,2015,target_achieved,"Cuba's under-five mortality rate rose from 6.1 in 2015 to 8.6 in 2024; the fitted trend since 2015 is +0.28 per year, classified as declining. It is already below the SDG target of 25.0 per 1,000 live births.",2026-09-10T19:30:38+00:00
SH_DYN_MORT,DOM,2015,2024,34.88273723,30.63366565,-4.249071579999995,-12.181015360072406,-0.49260696345454524,-1.470166168719223,10,0.897120903095675,improving,high,2024,19,19,0.0,12.90476204,17.728903610000003,25.0,absolute,27.678023869272728,-0.9389442750000002,5.633665650000001,2036,off_track,"Dominican Republic's under-five mortality rate fell from 34.9 in 2015 to 30.6 in 2024; the fitted trend since 2015 is -0.49 per year, classified as improving. At this pace it would reach 27.7 by 2030, missing the target of 25.0 per 1,000 live births; meeting it would require -0.94 per year.",2026-09-10T19:30:38+00:00
SH_DYN_MORT,ECU,2015,2024,15.34110987,12.88352614,-2.4575837299999996,-16.019595393198234,-0.26225811624242423,-1.8927245453052108,10,0.9570783067336125,improving,high,2024,9,19,55.6,12.90476204,-0.021235899999998864,25.0,absolute,11.309977442545456,2.01941231,-12.11647386,2015,target_achieved,"Ecuador's under-five mortality rate fell from 15.3 in 2015 to 12.9 in 2024; the fitted trend since 2015 is -0.26 per year, classified as improving. It is already below the SDG target of 25.0 per 1,000 live births.",2026-09-10T19:30:38+00:00
SH_DYN_MORT,GTM,2015,2024,28.06701375,20.50853434,-7.55847941,-26.930116175968312,-0.8370808095151516,-3.483330610763566,10,0.9960685808285537,improving,high,2024,17,19,11.1,12.90476204,7.603772300000001,25.0,absolute,15.486049482909092,0.7485776099999999,-4.491465659999999,2019,target_achieved,"Guatemala's under-five mortality rate fell from 28.1 in 2015 to 20.5 in 2024; the fitted trend since 2015 is -0.84 per year, classified as improving. It is already below the SDG target of 25.0 per 1,000 live births.",2026-09-10T19:30:38+00:00
SH_DYN_MORT,HND,2015,2024,20.3491927,14.95500381,-5.394188890000001,-26.508122309933214,-0.5943212209696972,-3.4005694683236505,10,0.9958969502668131,improving,high,2024,13,19,33.3,12.90476204,2.0502417699999995,25.0,absolute,11.389076484181816,1.6741660316666669,-10.04499619,2015,target_achieved,"Honduras's under-five mortality rate fell from 20.3 in 2015 to 15.0 in 2024; the fitted trend since 2015 is -0.59 per year, classified as improving. It is already below the SDG target of 25.0 per 1,000 live births.",2026-09-10T19:30:38+00:00
SH_DYN_MORT,MEX,2015,2024,16.58374586,13.05224287,-3.53150299,-21.29496568394711,-0.39042632854545456,-2.63896403604786,10,0.9998028985921235,improving,high,2024,11,19,44.4,12.90476204,0.147480830000001,25.0,absolute,10.709684898727273,1.991292855,-11.94775713,2015,target_achieved,"Mexico's under-five mortality rate fell from 16.6 in 2015 to 13.1 in 2024; the fitted trend since 2015 is -0.39 per year, classified as improving. It is already below the SDG target of 25.0 per 1,000 live births.",2026-09-10T19:30:38+00:00
SH_DYN_MORT,NIC,2015,2024,17.17390936,11.23939039,-5.934518969999999,-34.5554343254086,-0.4604345757575757,-3.17136500691593,10,0.8002445214167223,improving,high,2024,7,19,66.7,12.90476204,-1.665371649999999,25.0,absolute,8.476782935454546,2.293434935,-13.76060961,2015,target_achieved,"Nicaragua's under-five mortality rate fell from 17.2 in 2015 to 11.2 in 2024; the fitted trend since 2015 is -0.46 per year, classified as improving. It is already below the SDG target of 25.0 per 1,000 live births.",2026-09-10T19:30:38+00:00
SH_DYN_MORT,PAN,2015,2024,17.13542819,15.27656878,-1.858859409999999,-10.848047620337868,-0.2503979235757577,-1.5737609860408979,10,0.892561753405917,improving,high,2024,14,19,27.8,12.90476204,2.3718067400000002,25.0,absolute,13.774181238545454,1.62057187,-9.72343122,2015,target_achieved,"Panama's under-five mortality rate fell from 17.1 in 2015 to 15.3 in 2024; the fitted trend since 2015 is -0.25 per year, classified as improving. It is already below the SDG target of 25.0 per 1,000 live births.",2026-09-10T19:30:38+00:00
SH_DYN_MORT,PER,2015,2024,16.61967335,12.90476204,-3.7149113099999997,-22.35249292670364,-0.407249692060606,-2.7663377079718257,10,0.9994457679678662,improving,high,2024,10,19,50.0,12.90476204,0.0,25.0,absolute,10.461263887636363,2.0158729933333333,-12.09523796,2015,target_achieved,"Peru's under-five mortality rate fell from 16.6 in 2015 to 12.9 in 2024; the fitted trend since 2015 is -0.41 per year, classified as improving. It is already below the SDG target of 25.0 per 1,000 live births.",2026-09-10T19:30:38+00:00
SH_DYN_MORT,PRY,2015,2024,21.91430734,16.30819792,-5.606109419999999,-25.58196037420364,-0.6191251294545455,-3.258941190383908,10,0.9985753707867137,improving,high,2024,16,19,16.7,12.90476204,3.4034358800000017,25.0,absolute,12.593447143272728,1.4486336799999997,-8.691802079999999,2015,target_achieved,"Paraguay's under-five mortality rate fell from 21.9 in 2015 to 16.3 in 2024; the fitted trend since 2015 is -0.62 per year, classified as improving. It is already below the SDG target of 25.0 per 1,000 live births.",2026-09-10T19:30:38+00:00
SH_DYN_MORT,SLV,2015,2024,14.58128554,10.04707887,-4.53420667,-31.096069393618087,-0.5013652819393941,-4.1429307563719835,10,0.9916687659744954,improving,high,2024,5,19,77.8,12.90476204,-2.8576831699999996,25.0,absolute,7.038887178363636,2.492153521666667,-14.95292113,2015,target_achieved,"El Salvador's under-five mortality rate fell from 14.6 in 2015 to 10.0 in 2024; the fitted trend since 2015 is -0.50 per year, classified as improving. It is already below the SDG target of 25.0 per 1,000 live births.",2026-09-10T19:30:38+00:00
SH_DYN_MORT,URY,2015,2024,8.87357029,7.446746997,-1.426823293,-16.07947248254682,-0.1530000234,-1.9793580477497519,10,0.7118679689070823,improving,medium,2024,2,19,94.4,12.90476204,-5.458015043,25.0,absolute,6.5287468566,2.925542167166667,-17.553253003000002,2015,target_achieved,"Uruguay's under-five mortality rate fell from 8.9 in 2015 to 7.4 in 2024; the fitted trend since 2015 is -0.15 per year, classified as improving. It is already below the SDG target of 25.0 per 1,000 live births.",2026-09-10T19:30:38+00:00
SH_DYN_MORT,VEN,2015,2024,19.12,24.2,5.079999999999998,26.569037656903756,0.277090909090909,1.1695547403803352,10,0.27272727272727293,declining,low,2024,18,19,5.6,12.90476204,11.29523796,25.0,absolute,25.862545454545455,0.13333333333333344,-0.8000000000000007,2015,target_achieved,"Venezuela's under-five mortality rate rose from 19.1 in 2015 to 24.2 in 2024; the fitted trend since 2015 is +0.28 per year, classified as declining. It is already below the SDG target of 25.0 per 1,000 live births.",2026-09-10T19:30:38+00:00
SH_DYN_NMRT,ARG,2015,2024,6.795675871,5.07134737,-1.7243285010000005,-25.37390737481217,-0.1667522790787879,-2.7806327593653344,10,0.9549035871707201,improving,high,2024,5,19,77.8,6.994412157,-1.9230647870000004,12.0,absolute,4.070833695527273,1.1547754383333333,-6.92865263,2015,target_achieved,"Argentina's neonatal mortality rate fell from 6.8 in 2015 to 5.1 in 2024; the fitted trend since 2015 is -0.17 per year, classified as improving. It is already below the SDG target of 12.0 per 1,000 live births.",2026-09-10T19:30:38+00:00
SH_DYN_NMRT,BOL,2015,2024,12.83486848,7.341500732,-5.493367748000001,-42.80034311656616,-0.6141427718363637,-6.332393731643163,10,0.9815084496171943,improving,high,2024,13,19,33.3,6.994412157,0.3470885749999999,12.0,absolute,3.656644100981818,0.7764165446666667,-4.658499268,2016,target_achieved,"Bolivia's neonatal mortality rate fell from 12.8 in 2015 to 7.3 in 2024; the fitted trend since 2015 is -0.61 per year, classified as improving. It is already below the SDG target of 12.0 per 1,000 live births.",2026-09-10T19:30:38+00:00
SH_DYN_NMRT,BRA,2015,2024,9.527105986,7.124973242,-2.402132744,-25.21366664262908,-0.26767642429696964,-3.0366808605216318,10,0.8244881141510735,improving,high,2024,11,19,44.4,6.994412157,0.13056108500000008,12.0,absolute,5.518914696218182,0.8125044596666666,-4.875026758,2015,target_achieved,"Brazil's neonatal mortality rate fell from 9.5 in 2015 to 7.1 in 2024; the fitted trend since 2015 is -0.27 per year, classified as improving. It is already below the SDG target of 12.0 per 1,000 live births.",2026-09-10T19:30:38+00:00
SH_DYN_NMRT,CHL,2015,2024,5.232216739,4.677838756,-0.5543779830000002,-10.595470536756757,-0.08586665732121214,-1.778847121093597,10,0.7142784236555809,improving,medium,2024,4,19,83.3,6.994412157,-2.3165734010000003,12.0,absolute,4.162638812072727,1.2203602073333333,-7.322161244,2015,target_achieved,"Chile's neonatal mortality rate fell from 5.2 in 2015 to 4.7 in 2024; the fitted trend since 2015 is -0.09 per year, classified as improving. It is already below the SDG target of 12.0 per 1,000 live births.",2026-09-10T19:30:38+00:00
SH_DYN_NMRT,COL,2015,2024,8.45005963,6.263539624,-2.1865200060000003,-25.875793801942677,-0.24208963984242426,-3.3085784387682664,10,0.9988615494998732,improving,high,2024,8,19,61.1,6.994412157,-0.7308725330000003,12.0,absolute,4.8110017849454545,0.9560767293333333,-5.736460376,2015,target_achieved,"Colombia's neonatal mortality rate fell from 8.5 in 2015 to 6.3 in 2024; the fitted trend since 2015 is -0.24 per year, classified as improving. It is already below the SDG target of 12.0 per 1,000 live births.",2026-09-10T19:30:38+00:00
SH_DYN_NMRT,CRI,2015,2024,6.19633458,7.302549522,1.1062149419999994,17.852730960825543,0.12540883957575752,1.9304699639787446,10,0.8308484960510448,declining,high,2024,12,19,38.9,6.994412157,0.30813736499999944,12.0,absolute,8.055002559454545,0.782908413,-4.697450478,2015,target_achieved,"Costa Rica's neonatal mortality rate rose from 6.2 in 2015 to 7.3 in 2024; the fitted trend since 2015 is +0.13 per year, classified as declining. It is already below the SDG target of 12.0 per 1,000 live births.",2026-09-10T19:30:38+00:00
SH_DYN_NMRT,CUB,2015,2024,2.573757566,4.255370494,1.6816129280000003,65.33688138364468,0.21826881731515152,6.464238112801028,10,0.970166930392481,declining,high,2024,2,19,94.4,6.994412157,-2.739041663,12.0,absolute,5.564983397890909,1.2907715843333334,-7.744629506,2015,target_achieved,"Cuba's neonatal mortality rate rose from 2.6 in 2015 to 4.3 in 2024; the fitted trend since 2015 is +0.22 per year, classified as declining. It is already below the SDG target of 12.0 per 1,000 live births.",2026-09-10T19:30:38+00:00
SH_DYN_NMRT,DOM,2015,2024,24.36447709,21.24212299,-3.1223541000000026,-12.815190280777752,-0.3631563767878789,-1.5565878400381683,10,0.9066110476206299,improving,high,2024,19,19,0.0,6.994412157,14.247710833,12.0,absolute,19.063184729272727,-1.5403538316666665,9.242122989999999,2050,off_track,"Dominican Republic's neonatal mortality rate fell from 24.4 in 2015 to 21.2 in 2024; the fitted trend since 2015 is -0.36 per year, classified as improving. At this pace it would reach 19.1 by 2030, missing the target of 12.0 per 1,000 live births; meeting it would require -1.54 per year.",2026-09-10T19:30:38+00:00
SH_DYN_NMRT,ECU,2015,2024,7.266765755,6.994412157,-0.2723535979999996,-3.7479341867130214,-0.005214517006060537,-0.07374309352249343,10,0.025218371181354265,stagnating,low,2024,10,19,50.0,6.994412157,0.0,12.0,absolute,6.963125054963637,0.8342646404999999,-5.005587843,2015,target_achieved,"Ecuador's neonatal mortality rate fell from 7.3 in 2015 to 7.0 in 2024; the fitted trend since 2015 is -0.01 per year, classified as stagnating. It is already below the SDG target of 12.0 per 1,000 live births.",2026-09-10T19:30:38+00:00
SH_DYN_NMRT,GTM,2015,2024,12.99112825,9.453338708,-3.5377895419999987,-27.23235021561733,-0.39264794561818195,-3.533427220064764,10,0.9968574381946467,improving,high,2024,17,19,11.1,6.994412157,2.4589265510000002,12.0,absolute,7.097451034290909,0.4244435486666666,-2.5466612919999996,2018,target_achieved,"Guatemala's neonatal mortality rate fell from 13.0 in 2015 to 9.5 in 2024; the fitted trend since 2015 is -0.39 per year, classified as improving. It is already below the SDG target of 12.0 per 1,000 live births.",2026-09-10T19:30:38+00:00
SH_DYN_NMRT,HND,2015,2024,11.46885254,8.399319126,-3.0695334140000003,-26.764084752980878,-0.3414421475272728,-3.470999976268415,10,0.996706983844561,improving,high,2024,15,19,22.2,6.994412157,1.4049069689999998,12.0,absolute,6.350666240836363,0.600113479,-3.600680874,2015,target_achieved,"Honduras's neonatal mortality rate fell from 11.5 in 2015 to 8.4 in 2024; the fitted trend since 2015 is -0.34 per year, classified as improving. It is already below the SDG target of 12.0 per 1,000 live births.",2026-09-10T19:30:38+00:00
SH_DYN_NMRT,MEX,2015,2024,8.473206934,8.232530116,-0.24067681800000074,-2.840445416649147,-0.028464516684848517,-0.32059657622460236,10,0.040221555225431284,stagnating,low,2024,14,19,27.8,6.994412157,1.2381179589999993,12.0,absolute,8.061743015890908,0.6279116473333334,-3.7674698840000005,2015,target_achieved,"Mexico's neonatal mortality rate fell from 8.5 in 2015 to 8.2 in 2024; the fitted trend since 2015 is -0.03 per year, classified as stagnating. It is already below the SDG target of 12.0 per 1,000 live births.",2026-09-10T19:30:38+00:00
SH_DYN_NMRT,NIC,2015,2024,10.51290658,5.309939304,-5.202967275999999,-49.49123476373553,-0.4460575599151515,-5.2808217536019955,10,0.8682151558923213,improving,high,2024,7,19,66.7,6.994412157,-1.684472853,12.0,absolute,2.6335939445090912,1.1150101159999999,-6.690060696,2015,target_achieved,"Nicaragua's neonatal mortality rate fell from 10.5 in 2015 to 5.3 in 2024; the fitted trend since 2015 is -0.45 per year, classified as improving. It is already below the SDG target of 12.0 per 1,000 live births.",2026-09-10T19:30:38+00:00
SH_DYN_NMRT,PAN,2015,2024,7.278577134,5.295360721,-1.983216413,-27.247309144199555,-0.1734924766848485,-2.4607696582384144,10,0.4862792890699625,improving,low,2024,6,19,72.2,6.994412157,-1.6990514360000004,12.0,absolute,4.254405860890909,1.1174398798333334,-6.704639279,2015,target_achieved,"Panama's neonatal mortality rate fell from 7.3 in 2015 to 5.3 in 2024; the fitted trend since 2015 is -0.17 per year, classified as improving. It is already below the SDG target of 12.0 per 1,000 live births.",2026-09-10T19:30:38+00:00
SH_DYN_NMRT,PER,2015,2024,8.180243963,6.516554961,-1.6636890020000008,-20.337889793079768,-0.18348703450303033,-2.486043493376437,10,0.9978675383784412,improving,high,2024,9,19,55.6,6.994412157,-0.47785719600000043,12.0,absolute,5.415632753981818,0.9139075065000001,-5.483445039,2015,target_achieved,"Peru's neonatal mortality rate fell from 8.2 in 2015 to 6.5 in 2024; the fitted trend since 2015 is -0.18 per year, classified as improving. It is already below the SDG target of 12.0 per 1,000 live births.",2026-09-10T19:30:38+00:00
SH_DYN_NMRT,PRY,2015,2024,11.7166821,8.589267443,-3.127414656999999,-26.69198182820032,-0.3456854320969698,-3.4325276664333666,10,0.99702391752685,improving,high,2024,16,19,16.7,6.994412157,1.5948552860000005,12.0,absolute,6.515154850418182,0.5684554261666666,-3.4107325569999993,2015,target_achieved,"Paraguay's neonatal mortality rate fell from 11.7 in 2015 to 8.6 in 2024; the fitted trend since 2015 is -0.35 per year, classified as improving. It is already below the SDG target of 12.0 per 1,000 live births.",2026-09-10T19:30:38+00:00
SH_DYN_NMRT,SLV,2015,2024,6.402684209,4.335062829,-2.0676213800000003,-32.29304011423251,-0.22920052387878787,-4.364673517178444,10,0.9878890219646097,improving,high,2024,3,19,88.9,6.994412157,-2.6593493280000002,12.0,absolute,2.959859685727273,1.2774895285,-7.664937171,2015,target_achieved,"El Salvador's neonatal mortality rate fell from 6.4 in 2015 to 4.3 in 2024; the fitted trend since 2015 is -0.23 per year, classified as improving. It is already below the SDG target of 12.0 per 1,000 live births.",2026-09-10T19:30:38+00:00
SH_DYN_NMRT,URY,2015,2024,4.987498727,4.048860776,-0.9386379510000005,-18.819813344886704,-0.11589483403636368,-2.532165674059819,10,0.9452127179670542,improving,high,2024,1,19,100.0,6.994412157,-2.9455513810000005,12.0,absolute,3.3534917717818176,1.3251898706666667,-7.951139224,2015,target_achieved,"Uruguay's neonatal mortality rate fell from 5.0 in 2015 to 4.0 in 2024; the fitted trend since 2015 is -0.12 per year, classified as improving. It is already below the SDG target of 12.0 per 1,000 live births.",2026-09-10T19:30:38+00:00
SH_DYN_NMRT,VEN,2015,2024,14.64771723,15.02096878,0.3732515500000009,2.548189210230958,0.021414650606060667,0.14291439940816933,10,0.2987769130992153,stagnating,low,2024,18,19,5.6,6.994412157,8.026556623000001,12.0,absolute,15.149456683636364,-0.5034947966666667,3.0209687800000005,,off_track,"Venezuela's neonatal mortality rate rose from 14.6 in 2015 to 15.0 in 2024; the fitted trend since 2015 is +0.02 per year, classified as stagnating. At this pace it would reach 15.1 by 2030, missing the target of 12.0 per 1,000 live births; meeting it would require -0.50 per year.",2026-09-10T19:30:38+00:00
SH_TBS_INCD,ARG,2015,2024,28.0,44.0,16.0,57.14285714285714,1.4727272727272727,4.476374689140647,10,0.6965214621890373,declining,medium,2024,8,19,61.1,47.0,-3.0,,,,,,,no_numeric_target,"Argentina's tuberculosis incidence rose from 28.0 in 2015 to 44.0 in 2024; the fitted trend since 2015 is +1.47 per year, classified as declining. The UN sets no numeric 2030 target for this indicator; in 2024 it ranked 8 of 19 countries in the region, below the regional median of 47.0.",2026-09-10T19:30:38+00:00
SH_TBS_INCD,BOL,2015,2024,123.0,114.0,-9.0,-7.317073170731707,-1.0242424242424242,-0.983902424824615,10,0.10195368694602994,improving,low,2024,17,19,11.1,47.0,67.0,,,,,,,no_numeric_target,"Bolivia's tuberculosis incidence fell from 123.0 in 2015 to 114.0 in 2024; the fitted trend since 2015 is -1.02 per year, classified as improving. The UN sets no numeric 2030 target for this indicator; in 2024 it ranked 17 of 19 countries in the region, above the regional median of 47.0.",2026-09-10T19:30:38+00:00
SH_TBS_INCD,BRA,2015,2024,41.0,49.0,8.0,19.51219512195122,0.9939393939393941,2.189293819249767,10,0.943322109988777,declining,high,2024,11,19,44.4,47.0,2.0,,,,,,,no_numeric_target,"Brazil's tuberculosis incidence rose from 41.0 in 2015 to 49.0 in 2024; the fitted trend since 2015 is +0.99 per year, classified as declining. The UN sets no numeric 2030 target for this indicator; in 2024 it ranked 11 of 19 countries in the region, above the regional median of 47.0.",2026-09-10T19:30:38+00:00
SH_TBS_INCD,CHL,2015,2024,18.0,19.0,1.0,5.555555555555555,0.12121212121212122,0.6734006734006734,10,0.06734006734006735,declining,low,2024,3,19,88.9,47.0,-28.0,,,,,,,no_numeric_target,"Chile's tuberculosis incidence rose from 18.0 in 2015 to 19.0 in 2024; the fitted trend since 2015 is +0.12 per year, classified as declining. The UN sets no numeric 2030 target for this indicator; in 2024 it ranked 3 of 19 countries in the region, below the regional median of 47.0.",2026-09-10T19:30:38+00:00
SH_TBS_INCD,COL,2015,2024,33.0,49.0,16.0,48.484848484848484,1.8303030303030305,4.693084693084694,10,0.9274354281065692,declining,high,2024,11,19,44.4,47.0,2.0,,,,,,,no_numeric_target,"Colombia's tuberculosis incidence rose from 33.0 in 2015 to 49.0 in 2024; the fitted trend since 2015 is +1.83 per year, classified as declining. The UN sets no numeric 2030 target for this indicator; in 2024 it ranked 11 of 19 countries in the region, above the regional median of 47.0.",2026-09-10T19:30:38+00:00
SH_TBS_INCD,CRI,2015,2024,12.0,9.3,-2.6999999999999993,-22.499999999999996,-0.15030303030303022,-1.5151515151515142,10,0.3600768113905666,improving,low,2024,1,19,100.0,47.0,-37.7,,,,,,,no_numeric_target,"Costa Rica's tuberculosis incidence fell from 12.0 in 2015 to 9.3 in 2024; the fitted trend since 2015 is -0.15 per year, classified as improving. The UN sets no numeric 2030 target for this indicator; in 2024 it ranked 1 of 19 countries in the region, below the regional median of 47.0.",2026-09-10T19:30:38+00:00
SH_TBS_INCD,CUB,2015,2024,7.5,11.0,3.5,46.666666666666664,0.1842424242424243,2.4500322372662806,10,0.14513292125232433,declining,low,2024,2,19,94.4,47.0,-36.0,,,,,,,no_numeric_target,"Cuba's tuberculosis incidence rose from 7.5 in 2015 to 11.0 in 2024; the fitted trend since 2015 is +0.18 per year, classified as declining. The UN sets no numeric 2030 target for this indicator; in 2024 it ranked 2 of 19 countries in the region, below the regional median of 47.0.",2026-09-10T19:30:38+00:00
SH_TBS_INCD,DOM,2015,2024,59.0,51.0,-8.0,-13.559322033898304,-0.7090909090909091,-1.4153511159499184,10,0.2610561244922479,improving,low,2024,13,19,33.3,47.0,4.0,,,,,,,no_numeric_target,"Dominican Republic's tuberculosis incidence fell from 59.0 in 2015 to 51.0 in 2024; the fitted trend since 2015 is -0.71 per year, classified as improving. The UN sets no numeric 2030 target for this indicator; in 2024 it ranked 13 of 19 countries in the region, above the regional median of 47.0.",2026-09-10T19:30:38+00:00
SH_TBS_INCD,ECU,2015,2024,42.0,66.0,24.0,57.14285714285714,2.090909090909091,4.42052661925812,10,0.5196395594032821,declining,medium,2024,15,19,22.2,47.0,19.0,,,,,,,no_numeric_target,"Ecuador's tuberculosis incidence rose from 42.0 in 2015 to 66.0 in 2024; the fitted trend since 2015 is +2.09 per year, classified as declining. The UN sets no numeric 2030 target for this indicator; in 2024 it ranked 15 of 19 countries in the region, above the regional median of 47.0.",2026-09-10T19:30:38+00:00
SH_TBS_INCD,GTM,2015,2024,23.0,28.0,5.0,21.73913043478261,0.5515151515151515,2.32706814985296,10,0.24577805478882855,declining,low,2024,4,19,83.3,47.0,-19.0,,,,,,,no_numeric_target,"Guatemala's tuberculosis incidence rose from 23.0 in 2015 to 28.0 in 2024; the fitted trend since 2015 is +0.55 per year, classified as declining. The UN sets no numeric 2030 target for this indicator; in 2024 it ranked 4 of 19 countries in the region, below the regional median of 47.0.",2026-09-10T19:30:38+00:00
SH_TBS_INCD,HND,2015,2024,49.0,38.0,-11.0,-22.448979591836736,-1.393939393939394,-3.350815850815851,10,0.7842614006997569,improving,medium,2024,6,19,72.2,47.0,-9.0,,,,,,,no_numeric_target,"Honduras's tuberculosis incidence fell from 49.0 in 2015 to 38.0 in 2024; the fitted trend since 2015 is -1.39 per year, classified as improving. The UN sets no numeric 2030 target for this indicator; in 2024 it ranked 6 of 19 countries in the region, below the regional median of 47.0.",2026-09-10T19:30:38+00:00
SH_TBS_INCD,MEX,2015,2024,25.0,28.0,3.0,12.0,0.36969696969696975,1.405691899988478,10,0.9318807913849236,declining,high,2024,4,19,83.3,47.0,-19.0,,,,,,,no_numeric_target,"Mexico's tuberculosis incidence rose from 25.0 in 2015 to 28.0 in 2024; the fitted trend since 2015 is +0.37 per year, classified as declining. The UN sets no numeric 2030 target for this indicator; in 2024 it ranked 4 of 19 countries in the region, below the regional median of 47.0.",2026-09-10T19:30:38+00:00
SH_TBS_INCD,NIC,2015,2024,59.0,43.0,-16.0,-27.11864406779661,-1.490909090909091,-3.080390683696469,10,0.8172095284394747,improving,high,2024,7,19,66.7,47.0,-4.0,,,,,,,no_numeric_target,"Nicaragua's tuberculosis incidence fell from 59.0 in 2015 to 43.0 in 2024; the fitted trend since 2015 is -1.49 per year, classified as improving. The UN sets no numeric 2030 target for this indicator; in 2024 it ranked 7 of 19 countries in the region, below the regional median of 47.0.",2026-09-10T19:30:38+00:00
SH_TBS_INCD,PAN,2015,2024,58.0,63.0,5.0,8.620689655172415,-0.32121212121212117,-0.6141723158931572,10,0.008632107506461015,improving,low,2024,14,19,27.8,47.0,16.0,,,,,,,no_numeric_target,"Panama's tuberculosis incidence rose from 58.0 in 2015 to 63.0 in 2024; the fitted trend since 2015 is -0.32 per year, classified as improving. The UN sets no numeric 2030 target for this indicator; in 2024 it ranked 14 of 19 countries in the region, above the regional median of 47.0.",2026-09-10T19:30:38+00:00
SH_TBS_INCD,PER,2015,2024,131.0,139.0,8.0,6.106870229007633,1.993939393939394,1.473717216511008,10,0.5596366324910941,declining,medium,2024,19,19,0.0,47.0,92.0,,,,,,,no_numeric_target,"Peru's tuberculosis incidence rose from 131.0 in 2015 to 139.0 in 2024; the fitted trend since 2015 is +1.99 per year, classified as declining. The UN sets no numeric 2030 target for this indicator; in 2024 it ranked 19 of 19 countries in the region, above the regional median of 47.0.",2026-09-10T19:30:38+00:00
SH_TBS_INCD,PRY,2015,2024,55.0,81.0,26.0,47.27272727272727,2.5696969696969703,4.185174217747509,10,0.5983916493582575,declining,medium,2024,16,19,16.7,47.0,34.0,,,,,,,no_numeric_target,"Paraguay's tuberculosis incidence rose from 55.0 in 2015 to 81.0 in 2024; the fitted trend since 2015 is +2.57 per year, classified as declining. The UN sets no numeric 2030 target for this indicator; in 2024 it ranked 16 of 19 countries in the region, above the regional median of 47.0.",2026-09-10T19:30:38+00:00
SH_TBS_INCD,SLV,2015,2024,53.0,116.0,63.0,118.86792452830188,2.7393939393939397,4.100889130829252,10,0.12834874995916543,declining,low,2024,18,19,5.6,47.0,69.0,,,,,,,no_numeric_target,"El Salvador's tuberculosis incidence rose from 53.0 in 2015 to 116.0 in 2024; the fitted trend since 2015 is +2.74 per year, classified as declining. The UN sets no numeric 2030 target for this indicator; in 2024 it ranked 18 of 19 countries in the region, above the regional median of 47.0.",2026-09-10T19:30:38+00:00
SH_TBS_INCD,URY,2015,2024,33.0,47.0,14.0,42.42424242424242,1.4727272727272727,3.9272727272727272,10,0.7378819119025304,declining,medium,2024,10,19,50.0,47.0,0.0,,,,,,,no_numeric_target,"Uruguay's tuberculosis incidence rose from 33.0 in 2015 to 47.0 in 2024; the fitted trend since 2015 is +1.47 per year, classified as declining. The UN sets no numeric 2030 target for this indicator; in 2024 it ranked 10 of 19 countries in the region, below the regional median of 47.0.",2026-09-10T19:30:38+00:00
SH_TBS_INCD,VEN,2015,2024,31.0,46.0,15.0,48.38709677419355,1.2727272727272727,2.8409090909090913,10,0.3912071535022353,declining,low,2024,9,19,55.6,47.0,-1.0,,,,,,,no_numeric_target,"Venezuela's tuberculosis incidence rose from 31.0 in 2015 to 46.0 in 2024; the fitted trend since 2015 is +1.27 per year, classified as declining. The UN sets no numeric 2030 target for this indicator; in 2024 it ranked 9 of 19 countries in the region, below the regional median of 47.0.",2026-09-10T19:30:38+00:00
SH_DTH_NCOM,ARG,2015,2021,16.2,13.4,-2.799999999999999,-17.283950617283946,-0.4012048192771082,-2.6791640686284355,4,0.7509904711595113,insufficient_data,low,2021,9,19,55.6,14.5,-1.0999999999999996,10.799999999999999,computed_from_2015,,,,,insufficient_data,"Argentina has only 4 headline observation(s) for NCD mortality (30-70) since 2015, too few to assess a trend.",2026-09-10T19:30:38+00:00
SH_DTH_NCOM,BOL,2015,2021,17.1,19.9,2.799999999999997,16.374269005847935,0.4602409638554214,2.508125143626274,4,0.4814130563876535,insufficient_data,low,2021,19,19,0.0,14.5,5.399999999999999,11.4,computed_from_2015,,,,,insufficient_data,"Bolivia has only 4 headline observation(s) for NCD mortality (30-70) since 2015, too few to assess a trend.",2026-09-10T19:30:38+00:00
SH_DTH_NCOM,BRA,2015,2021,16.1,14.5,-1.6000000000000014,-9.937888198757772,-0.2698795180722895,-1.7872815766376786,4,0.9942929613189603,insufficient_data,low,2021,10,19,50.0,14.5,0.0,10.733333333333334,computed_from_2015,,,,,insufficient_data,"Brazil has only 4 headline observation(s) for NCD mortality (30-70) since 2015, too few to assess a trend.",2026-09-10T19:30:38+00:00
SH_DTH_NCOM,CHL,2015,2021,11.5,9.4,-2.0999999999999996,-18.260869565217387,-0.33975903614457825,-3.314722303849544,4,0.9939009148627705,insufficient_data,low,2021,1,19,100.0,14.5,-5.1,7.666666666666666,computed_from_2015,,,,,insufficient_data,"Chile has only 4 headline observation(s) for NCD mortality (30-70) since 2015, too few to assess a trend.",2026-09-10T19:30:38+00:00
SH_DTH_NCOM,COL,2015,2021,10.5,10.3,-0.1999999999999993,-1.904761904761898,-0.030120481927710736,-0.29031789809841674,4,0.6845564074479739,insufficient_data,low,2021,3,19,88.9,14.5,-4.199999999999999,7.0,computed_from_2015,,,,,insufficient_data,"Colombia has only 4 headline observation(s) for NCD mortality (30-70) since 2015, too few to assess a trend.",2026-09-10T19:30:38+00:00
SH_DTH_NCOM,CRI,2015,2021,9.6,9.9,0.3000000000000007,3.1250000000000075,0.06626506024096394,0.6710385847186222,4,0.7146231986770626,insufficient_data,low,2021,2,19,94.4,14.5,-4.6,6.3999999999999995,computed_from_2015,,,,,insufficient_data,"Costa Rica has only 4 headline observation(s) for NCD mortality (30-70) since 2015, too few to assess a trend.",2026-09-10T19:30:38+00:00
SH_DTH_NCOM,CUB,2015,2021,16.6,17.6,1.0,6.024096385542168,0.12891566265060223,0.7594442571464047,4,0.6076641367231015,insufficient_data,low,2021,16,19,16.7,14.5,3.1000000000000014,11.066666666666666,computed_from_2015,,,,,insufficient_data,"Cuba has only 4 headline observation(s) for NCD mortality (30-70) since 2015, too few to assess a trend.",2026-09-10T19:30:38+00:00
SH_DTH_NCOM,DOM,2015,2021,19.2,17.4,-1.8000000000000007,-9.375000000000004,-0.20843373493975895,-1.122119703578783,4,0.4402812716065717,insufficient_data,low,2021,14,19,27.8,14.5,2.8999999999999986,12.799999999999999,computed_from_2015,,,,,insufficient_data,"Dominican Republic has only 4 headline observation(s) for NCD mortality (30-70) since 2015, too few to assess a trend.",2026-09-10T19:30:38+00:00
SH_DTH_NCOM,ECU,2015,2021,11.9,13.2,1.299999999999999,10.92436974789915,0.2626506024096384,2.0762893471117665,4,0.35696902322506957,insufficient_data,low,2021,8,19,61.1,14.5,-1.3000000000000007,7.933333333333334,computed_from_2015,,,,,insufficient_data,"Ecuador has only 4 headline observation(s) for NCD mortality (30-70) since 2015, too few to assess a trend.",2026-09-10T19:30:38+00:00
SH_DTH_NCOM,GTM,2015,2021,15.7,14.6,-1.0999999999999996,-7.006369426751591,-0.10361445783132521,-0.6706437400085774,4,0.20437714159389817,insufficient_data,low,2021,11,19,44.4,14.5,0.09999999999999964,10.466666666666665,computed_from_2015,,,,,insufficient_data,"Guatemala has only 4 headline observation(s) for NCD mortality (30-70) since 2015, too few to assess a trend.",2026-09-10T19:30:38+00:00
SH_DTH_NCOM,HND,2015,2021,22.0,17.8,-4.199999999999999,-19.09090909090909,-0.6204819277108432,-3.1140874665537925,4,0.8810261725147072,insufficient_data,low,2021,17,19,11.1,14.5,3.3000000000000007,14.666666666666666,computed_from_2015,,,,,insufficient_data,"Honduras has only 4 headline observation(s) for NCD mortality (30-70) since 2015, too few to assess a trend.",2026-09-10T19:30:38+00:00
SH_DTH_NCOM,MEX,2015,2021,15.8,16.3,0.5,3.164556962025316,0.10240963855421678,0.6390617070465946,4,0.1964970491446599,insufficient_data,low,2021,13,19,33.3,14.5,1.8000000000000007,10.533333333333333,computed_from_2015,,,,,insufficient_data,"Mexico has only 4 headline observation(s) for NCD mortality (30-70) since 2015, too few to assess a trend.",2026-09-10T19:30:38+00:00
SH_DTH_NCOM,NIC,2015,2021,12.9,12.6,-0.3000000000000007,-2.3255813953488427,-0.06385542168674706,-0.5037903091656571,4,0.5736164998978972,insufficient_data,low,2021,6,19,72.2,14.5,-1.9000000000000004,8.6,computed_from_2015,,,,,insufficient_data,"Nicaragua has only 4 headline observation(s) for NCD mortality (30-70) since 2015, too few to assess a trend.",2026-09-10T19:30:38+00:00
SH_DTH_NCOM,PAN,2015,2021,11.5,10.9,-0.5999999999999996,-5.217391304347823,-0.1542168674698795,-1.414833646512656,4,0.47451343836885984,insufficient_data,low,2021,4,19,83.3,14.5,-3.5999999999999996,7.666666666666666,computed_from_2015,,,,,insufficient_data,"Panama has only 4 headline observation(s) for NCD mortality (30-70) since 2015, too few to assess a trend.",2026-09-10T19:30:38+00:00
SH_DTH_NCOM,PER,2015,2021,8.6,12.3,3.700000000000001,43.023255813953504,0.6373493975903615,5.833861762840837,4,0.9657915534955633,insufficient_data,low,2021,5,19,77.8,14.5,-2.1999999999999993,5.7333333333333325,computed_from_2015,,,,,insufficient_data,"Peru has only 4 headline observation(s) for NCD mortality (30-70) since 2015, too few to assess a trend.",2026-09-10T19:30:38+00:00
SH_DTH_NCOM,PRY,2015,2021,16.6,16.1,-0.5,-3.012048192771084,-0.12168674698795191,-0.7523137371743549,4,0.4110488777853892,insufficient_data,low,2021,12,19,38.9,14.5,1.6000000000000014,11.066666666666666,computed_from_2015,,,,,insufficient_data,"Paraguay has only 4 headline observation(s) for NCD mortality (30-70) since 2015, too few to assess a trend.",2026-09-10T19:30:38+00:00
SH_DTH_NCOM,SLV,2015,2021,13.0,12.6,-0.40000000000000036,-3.0769230769230793,-0.03734939759036151,-0.28897019412271957,4,0.19624259750867928,insufficient_data,low,2021,6,19,72.2,14.5,-1.9000000000000004,8.666666666666666,computed_from_2015,,,,,insufficient_data,"El Salvador has only 4 headline observation(s) for NCD mortality (30-70) since 2015, too few to assess a trend.",2026-09-10T19:30:38+00:00
SH_DTH_NCOM,URY,2015,2021,17.3,17.4,0.09999999999999787,0.5780346820809125,-0.0638554216867473,-0.3784024988844284,4,0.0856794265670285,insufficient_data,low,2021,14,19,27.8,14.5,2.8999999999999986,11.533333333333333,computed_from_2015,,,,,insufficient_data,"Uruguay has only 4 headline observation(s) for NCD mortality (30-70) since 2015, too few to assess a trend.",2026-09-10T19:30:38+00:00
SH_DTH_NCOM,VEN,2015,2021,16.7,18.7,2.0,11.976047904191617,0.3337349397590361,1.8618406681117778,4,0.9929600248469711,insufficient_data,low,2021,18,19,5.6,14.5,4.199999999999999,11.133333333333333,computed_from_2015,,,,,insufficient_data,"Venezuela has only 4 headline observation(s) for NCD mortality (30-70) since 2015, too few to assess a trend.",2026-09-10T19:30:38+00:00
SP_DYN_ADKL,ARG,2015,2022,63.618553,0.0,-63.618553,-100.0,-5.18536794047619,-21.6343103386561,8,0.22613794379840413,improving,low,2018,3,16,86.7,20.2438335,-18.8480315,,,,,,,no_numeric_target,"Argentina's adolescent birth rate fell from 63.6 in 2015 to 0.0 in 2022; the fitted trend since 2015 is -5.19 per year, classified as improving. The UN sets no numeric 2030 target for this indicator; in 2018 it ranked 3 of 16 countries in the region, below the regional median of 20.2.",2026-09-10T19:30:38+00:00
SP_DYN_ADKL,BOL,2015,2015,71.0,71.0,0.0,0.0,,,1,,insufficient_data,low,,,,,,,,,,,,,no_numeric_target,"Bolivia has only 1 headline observation(s) for adolescent birth rate since 2015, too few to assess a trend.",2026-09-10T19:30:38+00:00
SP_DYN_ADKL,BRA,2015,2022,62.545959,2.008116,-60.537843,-96.7893753135994,-3.8668486190476186,-13.714809426460068,8,0.11635726247158736,improving,low,2018,8,16,53.3,20.2438335,-17.400312500000002,,,,,,,no_numeric_target,"Brazil's adolescent birth rate fell from 62.5 in 2015 to 2.0 in 2022; the fitted trend since 2015 is -3.87 per year, classified as improving. The UN sets no numeric 2030 target for this indicator; in 2018 it ranked 8 of 16 countries in the region, below the regional median of 20.2.",2026-09-10T19:30:38+00:00
SP_DYN_ADKL,CHL,2015,2023,40.599998,6.34799,-34.252008,-84.36455588002738,-2.8424995833333333,-24.017694459844435,9,0.29590346997570627,improving,low,2018,1,16,100.0,20.2438335,-19.5710205,,,,,,,no_numeric_target,"Chile's adolescent birth rate fell from 40.6 in 2015 to 6.3 in 2023; the fitted trend since 2015 is -2.84 per year, classified as improving. The UN sets no numeric 2030 target for this indicator; in 2018 it ranked 1 of 16 countries in the region, below the regional median of 20.2.",2026-09-10T19:30:38+00:00
SP_DYN_ADKL,COL,2015,2023,65.553513,39.389183,-26.164329999999993,-39.91293342280527,-2.0874113499999996,-6.5374656921587935,9,0.03941905855594055,improving,low,2018,7,16,60.0,20.2438335,-17.4365745,,,,,,,no_numeric_target,"Colombia's adolescent birth rate fell from 65.6 in 2015 to 39.4 in 2023; the fitted trend since 2015 is -2.09 per year, classified as improving. The UN sets no numeric 2030 target for this indicator; in 2018 it ranked 7 of 16 countries in the region, below the regional median of 20.2.",2026-09-10T19:30:38+00:00
SP_DYN_ADKL,CRI,2015,2023,2.396432,1.130316,-1.2661159999999998,-52.83337895671565,-1.6710490500000004,-8.915663923020155,9,0.044342396957944216,improving,low,2018,10,16,40.0,20.2438335,27.6704085,,,,,,,no_numeric_target,"Costa Rica's adolescent birth rate fell from 2.4 in 2015 to 1.1 in 2023; the fitted trend since 2015 is -1.67 per year, classified as improving. The UN sets no numeric 2030 target for this indicator; in 2018 it ranked 10 of 16 countries in the region, above the regional median of 20.2.",2026-09-10T19:30:38+00:00
SP_DYN_ADKL,CUB,2015,2022,51.38055,1.318604,-50.061946,-97.43365144981905,-2.6009099166666667,-10.12157677763945,8,0.05967581274492643,improving,low,2018,4,16,80.0,20.2438335,-18.7510455,,,,,,,no_numeric_target,"Cuba's adolescent birth rate fell from 51.4 in 2015 to 1.3 in 2022; the fitted trend since 2015 is -2.60 per year, classified as improving. The UN sets no numeric 2030 target for this indicator; in 2018 it ranked 4 of 16 countries in the region, below the regional median of 20.2.",2026-09-10T19:30:38+00:00
SP_DYN_ADKL,DOM,2015,2018,90.586304,77.108498,-13.477806000000001,-14.878414732540584,-10.076506285714286,-17.66555601387165,3,0.10762820571892366,insufficient_data,low,2018,15,16,6.7,20.2438335,56.864664499999996,,,,,,,no_numeric_target,"Dominican Republic has only 3 headline observation(s) for adolescent birth rate since 2015, too few to assess a trend.",2026-09-10T19:30:38+00:00
SP_DYN_ADKL,ECU,2015,2022,79.407043,2.445694,-76.961349,-96.92005405616224,-5.235936976190477,-14.990672234498614,8,0.1309747527958898,improving,low,2018,6,16,66.7,20.2438335,-17.4788035,,,,,,,no_numeric_target,"Ecuador's adolescent birth rate fell from 79.4 in 2015 to 2.4 in 2022; the fitted trend since 2015 is -5.24 per year, classified as improving. The UN sets no numeric 2030 target for this indicator; in 2018 it ranked 6 of 16 countries in the region, below the regional median of 20.2.",2026-09-10T19:30:38+00:00
SP_DYN_ADKL,GTM,2015,2023,80.850639,2.03482,-78.815819,-97.48323572309675,-4.713712140350878,-12.332128693728519,8,0.10424063769005971,improving,low,2018,5,16,73.3,20.2438335,-18.116032500000003,,,,,,,no_numeric_target,"Guatemala's adolescent birth rate fell from 80.9 in 2015 to 2.0 in 2023; the fitted trend since 2015 is -4.71 per year, classified as improving. The UN sets no numeric 2030 target for this indicator; in 2018 it ranked 5 of 16 countries in the region, below the regional median of 20.2.",2026-09-10T19:30:38+00:00
SP_DYN_ADKL,HND,2015,2018,102.692032,97.054642,-5.637389999999996,-5.489607996071201,-8.699441785714283,-12.843911766754424,3,0.05683282311531541,insufficient_data,low,2018,16,16,0.0,20.2438335,76.81080850000001,,,,,,,no_numeric_target,"Honduras has only 3 headline observation(s) for adolescent birth rate since 2015, too few to assess a trend.",2026-09-10T19:30:38+00:00
SP_DYN_ADKL,MEX,2015,2021,1.292537,0.818153,-0.47438400000000003,-36.70177333414827,-1.4457666785714285,-6.072096750003395,7,0.011627612891976589,improving,low,2018,12,16,26.7,20.2438335,37.1048295,,,,,,,no_numeric_target,"Mexico's adolescent birth rate fell from 1.3 in 2015 to 0.8 in 2021; the fitted trend since 2015 is -1.45 per year, classified as improving. The UN sets no numeric 2030 target for this indicator; in 2018 it ranked 12 of 16 countries in the region, above the regional median of 20.2.",2026-09-10T19:30:38+00:00
SP_DYN_ADKL,NIC,2020,2023,86.531418,4.687789,-81.843629,-94.58255844137445,-16.859756400000002,-38.0418816030187,4,0.22505259631067764,insufficient_data,low,,,,,,,,,,,,,no_numeric_target,"Nicaragua has only 4 headline observation(s) for adolescent birth rate since 2015, too few to assess a trend.",2026-09-10T19:30:38+00:00
SP_DYN_ADKL,PAN,2015,2022,3.492602,51.8941,48.401498000000004,1385.8291898132109,0.6987297499999998,2.008075665420571,8,0.0023667490061869538,declining,low,2018,14,16,13.3,20.2438335,54.810739500000004,,,,,,,no_numeric_target,"Panama's adolescent birth rate rose from 3.5 in 2015 to 51.9 in 2022; the fitted trend since 2015 is +0.70 per year, classified as declining. The UN sets no numeric 2030 target for this indicator; in 2018 it ranked 14 of 16 countries in the region, above the regional median of 20.2.",2026-09-10T19:30:38+00:00
SP_DYN_ADKL,PER,2015,2023,50.137894,29.276028,-20.861866000000003,-41.60897942781562,-1.7625680500000005,-7.82018710272611,9,0.05150241382622827,improving,low,2018,2,16,93.3,20.2438335,-19.1854535,,,,,,,no_numeric_target,"Peru's adolescent birth rate fell from 50.1 in 2015 to 29.3 in 2023; the fitted trend since 2015 is -1.76 per year, classified as improving. The UN sets no numeric 2030 target for this indicator; in 2018 it ranked 2 of 16 countries in the region, below the regional median of 20.2.",2026-09-10T19:30:38+00:00
SP_DYN_ADKL,PRY,2015,2015,3.242249,3.242249,0.0,0.0,,,1,,insufficient_data,low,,,,,,,,,,,,,no_numeric_target,"Paraguay has only 1 headline observation(s) for adolescent birth rate since 2015, too few to assess a trend.",2026-09-10T19:30:38+00:00
SP_DYN_ADKL,SLV,2015,2018,3.05424,50.213123,47.158883,1544.0464076169524,8.660017800000002,30.705338104966167,4,0.14271057884422286,insufficient_data,low,2018,11,16,33.3,20.2438335,29.969289500000002,,,,,,,no_numeric_target,"El Salvador has only 4 headline observation(s) for adolescent birth rate since 2015, too few to assess a trend.",2026-09-10T19:30:38+00:00
SP_DYN_ADKL,URY,2015,2022,55.644314,23.128796,-32.515518,-58.43457428552359,-3.0776581557971006,-14.558548656102113,7,0.13404730207578172,improving,low,2018,9,16,46.7,20.2438335,17.4003125,,,,,,,no_numeric_target,"Uruguay's adolescent birth rate fell from 55.6 in 2015 to 23.1 in 2022; the fitted trend since 2015 is -3.08 per year, classified as improving. The UN sets no numeric 2030 target for this indicator; in 2018 it ranked 9 of 16 countries in the region, above the regional median of 20.2.",2026-09-10T19:30:38+00:00
SP_DYN_ADKL,VEN,2015,2019,4.774067,2.465504,-2.3085629999999995,-48.35631757995855,-2.4202086999999985,-6.820249902391473,5,0.007416180849705858,improving,low,2018,13,16,20.0,20.2438335,53.5226915,,,,,,,no_numeric_target,"Venezuela's adolescent birth rate fell from 4.8 in 2015 to 2.5 in 2019; the fitted trend since 2015 is -2.42 per year, classified as improving. The UN sets no numeric 2030 target for this indicator; in 2018 it ranked 13 of 16 countries in the region, above the regional median of 20.2.",2026-09-10T19:30:38+00:00
